run,is_random,measure_type,kb,cache_lines,ms_per_cache_line,cycles_per_cache_line,instructions_per_cache_line,L1-dcache-loads_per_cache_line,branches_per_cache_line
0,1,EventCounter,1,16,4.44375e-05,1845,546.438,271.125,115.562
1,1,EventCounter,1,16,1.9375e-05,330.125,193.062,71.125,42.5625
2,1,EventCounter,1,16,1.75625e-05,336.625,193.062,69.3125,42.5625
3,1,EventCounter,1,16,1.56875e-05,363.938,193.062,69,42.5625
0,1,EventCounter,2,32,4.375e-06,201.531,99.5312,35.6875,21.7812
1,1,EventCounter,2,32,3.78125e-06,154.938,99.5312,35.4062,21.7812
2,1,EventCounter,2,32,3.4375e-06,163.375,99.5312,35.5625,21.7812
3,1,EventCounter,2,32,3.75e-06,153.656,99.5312,35.4062,21.7812
0,1,EventCounter,4,64,2.03125e-06,78.75,52.7656,18.7031,11.3906
1,1,EventCounter,4,64,5e-06,88.5312,52.7656,18.6719,11.4062
2,1,EventCounter,4,64,2.1875e-06,78.4062,52.7656,18.7656,11.3906
3,1,EventCounter,4,64,2.03125e-06,78.5,52.7656,18.75,11.3906
0,1,EventCounter,8,128,1.48438e-06,40.6562,29.3828,10.3359,6.19531
1,1,EventCounter,8,128,1.40625e-06,40.625,29.3828,10.3594,6.19531
2,1,EventCounter,8,128,1.40625e-06,40.6328,29.3828,10.3438,6.19531
3,1,EventCounter,8,128,1.33594e-06,40.4297,29.3828,10.3594,6.19531
0,1,EventCounter,16,256,1.05859e-06,21.6016,17.6914,6.1875,3.59766
1,1,EventCounter,16,256,1.09766e-06,21.9375,17.6914,6.18359,3.59766
2,1,EventCounter,16,256,1.05469e-06,21.5,17.6914,6.17578,3.59766
3,1,EventCounter,16,256,1.09766e-06,21.5,17.6914,6.17188,3.59766
0,1,EventCounter,32,512,9.00391e-07,12.0859,11.8457,4.10547,2.29883
1,1,EventCounter,32,512,9.19922e-07,12.6406,11.8457,4.0918,2.29883
2,1,EventCounter,32,512,8.98438e-07,11.8711,11.8457,4.08789,2.29883
3,1,EventCounter,32,512,9.00391e-07,11.7461,11.8457,4.0918,2.29883
0,1,EventCounter,64,1024,8.01758e-07,7.03125,8.92285,3.04395,1.64941
1,1,EventCounter,64,1024,8.02734e-07,7.07129,8.92285,3.04785,1.64941
2,1,EventCounter,64,1024,8.125e-07,7.0625,8.92285,3.04688,1.64941
3,1,EventCounter,64,1024,8.125e-07,7.13184,8.92285,3.04688,1.64941
0,1,EventCounter,128,2048,7.58301e-07,4.80322,7.46143,2.52637,1.32471
1,1,EventCounter,128,2048,7.48047e-07,4.77686,7.46143,2.52783,1.32471
2,1,EventCounter,128,2048,7.48535e-07,4.66602,7.46143,2.52197,1.32471
3,1,EventCounter,128,2048,7.48535e-07,4.66455,7.46143,2.52295,1.32471
0,1,EventCounter,256,4096,7.60742e-07,3.6228,6.73071,2.26025,1.16235
1,1,EventCounter,256,4096,7.63184e-07,3.604,6.73071,2.26196,1.16235
2,1,EventCounter,256,4096,7.36328e-07,3.52686,6.73071,2.26196,1.16235
3,1,EventCounter,256,4096,7.55859e-07,3.65015,6.73071,2.26172,1.16235
0,1,EventCounter,512,8192,9.33228e-07,3.65601,6.36536,2.13074,1.08118
1,1,EventCounter,512,8192,8.87939e-07,3.52661,6.36536,2.13245,1.08118
2,1,EventCounter,512,8192,8.86719e-07,3.48071,6.36536,2.13074,1.08118
3,1,EventCounter,512,8192,8.8916e-07,3.50049,6.36536,2.13147,1.08118
0,1,EventCounter,1024,16384,1.0799e-06,3.88361,6.18268,2.06763,1.04059
1,1,EventCounter,1024,16384,1.07629e-06,3.88831,6.18268,2.06885,1.04059
2,1,EventCounter,1024,16384,1.06653e-06,3.83264,6.18268,2.06799,1.04059
3,1,EventCounter,1024,16384,1.05609e-06,3.78796,6.18268,2.06805,1.04053
0,1,EventCounter,2048,32768,1.14355e-06,3.93414,6.09134,2.03253,1.02029
1,1,EventCounter,2048,32768,1.11234e-06,3.82291,6.09134,2.03418,1.02026
2,1,EventCounter,2048,32768,1.10837e-06,3.79608,6.09134,2.03415,1.02029
3,1,EventCounter,2048,32768,1.11081e-06,3.81381,6.09134,2.03519,1.02026
0,1,EventCounter,4096,65536,1.28265e-06,4.3145,6.04567,2.01869,1.01015
1,1,EventCounter,4096,65536,1.25589e-06,4.21475,6.04567,2.01842,1.01013
2,1,EventCounter,4096,65536,1.24031e-06,4.15643,6.04567,2.01758,1.01015
3,1,EventCounter,4096,65536,1.24565e-06,4.17821,6.04567,2.01854,1.01015
0,1,EventCounter,8192,131072,3.83382e-06,12.6168,6.10869,2.04251,1.02241
1,1,EventCounter,8192,131072,3.02914e-06,10.0606,6.02283,2.01044,1.00507
2,1,EventCounter,8192,131072,1.7685e-06,5.83392,6.02283,2.01003,1.00507
3,1,EventCounter,8192,131072,1.83195e-06,6.03976,6.10701,2.03918,1.02275
0,1,EventCounter,16384,262144,7.9132e-06,25.9426,6.08655,2.03265,1.01775
1,1,EventCounter,16384,262144,8.23046e-06,26.9813,6.08942,2.03223,1.01762
2,1,EventCounter,16384,262144,9.03006e-06,29.6029,6.16142,2.05842,1.03355
3,1,EventCounter,16384,262144,7.57893e-06,24.8569,6.08871,2.03598,1.0178
0,1,EventCounter,32768,524288,9.6916e-06,31.7334,6.10623,2.03873,1.02122
1,1,EventCounter,32768,524288,9.19931e-06,30.1219,6.10838,2.045,1.02177
2,1,EventCounter,32768,524288,8.98012e-06,29.3994,6.09518,2.03574,1.01888
3,1,EventCounter,32768,524288,9.3839e-06,30.7318,6.09772,2.03517,1.01954
0,1,EventCounter,65536,1048576,1.03454e-05,33.8464,6.10062,2.03549,1.01986
1,1,EventCounter,65536,1048576,1.02674e-05,33.6016,6.10243,2.03601,1.02034
2,1,EventCounter,65536,1048576,1.02304e-05,33.4544,6.10709,2.04013,1.02136
3,1,EventCounter,65536,1048576,1.02765e-05,33.6082,6.10025,2.03688,1.01997
0,1,EventCounter,131072,2097152,1.0613e-05,34.708,6.10197,2.03728,1.02003
1,1,EventCounter,131072,2097152,1.04919e-05,34.2547,6.11051,2.04079,1.02189
2,1,EventCounter,131072,2097152,1.05335e-05,34.3853,6.10013,2.03715,1.01977
3,1,EventCounter,131072,2097152,1.05131e-05,34.3843,6.1001,2.03689,1.01985
0,1,EventCounter,262144,4194304,1.1351e-05,37.0793,6.11073,2.04062,1.0218
1,1,EventCounter,262144,4194304,1.09406e-05,35.7382,6.10289,2.03826,1.02044
2,1,EventCounter,262144,4194304,1.09021e-05,35.6455,6.10166,2.03775,1.02002
3,1,EventCounter,262144,4194304,1.08511e-05,35.444,6.10723,2.04069,1.02125
0,1,EventCounter,524288,8388608,1.16729e-05,38.161,6.109,2.04116,1.02141
1,1,EventCounter,524288,8388608,1.17983e-05,38.5701,6.11761,2.04431,1.02311
2,1,EventCounter,524288,8388608,1.17084e-05,38.2508,6.11656,2.04359,1.02295
3,1,EventCounter,524288,8388608,1.17221e-05,38.3052,6.11544,2.04355,1.02265
0,1,EventCounter,1048576,16777216,1.24182e-05,40.3047,6.12235,2.04643,1.02412
1,1,EventCounter,1048576,16777216,1.27787e-05,41.4638,6.13776,2.05117,1.02721
2,1,EventCounter,1048576,16777216,1.24409e-05,40.4242,6.12429,2.04654,1.02453
3,1,EventCounter,1048576,16777216,1.22431e-05,39.9973,6.1173,2.04473,1.02317
0,1,EventCounter,2097152,33554432,1.35366e-05,44.2261,6.12998,2.04849,1.02563
1,1,EventCounter,2097152,33554432,1.35712e-05,44.3307,6.13646,2.04982,1.02685
2,1,EventCounter,2097152,33554432,1.3574e-05,44.2129,6.13091,2.04806,1.02581
3,1,EventCounter,2097152,33554432,1.6176e-05,52.8514,6.15295,2.05545,1.03018
0,0,EventCounter,1,16,1.8125e-05,763.562,193.062,80.125,42.5625
1,0,EventCounter,1,16,8.125e-06,320.312,193.062,70.375,42.5625
2,0,EventCounter,1,16,7.5e-06,316.75,193.062,69.625,42.5625
3,0,EventCounter,1,16,6.875e-06,317.625,193.062,69.25,42.5625
0,0,EventCounter,2,32,3.75e-06,157.656,99.5312,35.375,21.7812
1,0,EventCounter,2,32,3.75e-06,154.594,99.5312,35.6562,21.7812
2,0,EventCounter,2,32,3.75e-06,155.969,99.5312,35.4062,21.7812
3,0,EventCounter,2,32,3.75e-06,158.125,99.5312,35.5625,21.7812
0,0,EventCounter,4,64,4.39062e-06,86.6719,52.7656,18.7344,11.4062
1,0,EventCounter,4,64,2.04688e-06,81.5,52.7656,18.75,11.3906
2,0,EventCounter,4,64,2.34375e-06,79.6094,52.7656,18.7188,11.3906
3,0,EventCounter,4,64,2.20313e-06,79.2031,52.7656,18.7344,11.375
0,0,EventCounter,8,128,1.57031e-06,41.4844,29.3828,10.4062,6.19531
1,0,EventCounter,8,128,1.48438e-06,40.7266,29.3828,10.3438,6.19531
2,0,EventCounter,8,128,1.49219e-06,41.4609,29.3828,10.3984,6.19531
3,0,EventCounter,8,128,1.40625e-06,40.7891,29.3828,10.3672,6.1875
0,0,EventCounter,16,256,1.05469e-06,21.1445,17.6914,6.19922,3.59766
1,0,EventCounter,16,256,1.01953e-06,21.0859,17.6914,6.19531,3.59375
2,0,EventCounter,16,256,1.05469e-06,21.2812,17.6914,6.21094,3.59766
3,0,EventCounter,16,256,1.05859e-06,21.082,17.6914,6.19141,3.59766
0,0,EventCounter,32,512,9.17969e-07,11.8691,11.8457,4.09961,2.29883
1,0,EventCounter,32,512,9.19922e-07,12.2617,11.8457,4.09766,2.29883
2,0,EventCounter,32,512,9.19922e-07,11.9453,11.8457,4.09961,2.29883
3,0,EventCounter,32,512,9.39453e-07,12.1953,11.8457,4.10352,2.29883
0,0,EventCounter,64,1024,8.125e-07,7.11133,8.92285,3.04785,1.64941
1,0,EventCounter,64,1024,8.22266e-07,7.14844,8.92285,3.04785,1.64941
2,0,EventCounter,64,1024,8.22266e-07,7.15625,8.92285,3.05273,1.64941
3,0,EventCounter,64,1024,8.22266e-07,7.14062,8.92285,3.0459,1.64941
0,0,EventCounter,128,2048,7.63184e-07,4.72998,7.46143,2.52148,1.32471
1,0,EventCounter,128,2048,7.87598e-07,4.80859,7.46143,2.52441,1.32471
2,0,EventCounter,128,2048,7.83203e-07,4.88672,7.46143,2.52783,1.32471
3,0,EventCounter,128,2048,7.87598e-07,4.80273,7.46143,2.52246,1.32471
0,0,EventCounter,256,4096,1.01001e-06,4.56812,6.73071,2.2627,1.16235
1,0,EventCounter,256,4096,7.65625e-07,3.67212,6.73071,2.26123,1.16235
2,0,EventCounter,256,4096,7.65625e-07,3.64771,6.73071,2.26196,1.16235
3,0,EventCounter,256,4096,7.58301e-07,3.65674,6.73071,2.2627,1.16235
0,0,EventCounter,512,8192,8.4021e-07,3.40222,6.36536,2.13135,1.08118
1,0,EventCounter,512,8192,8.34106e-07,3.35901,6.36536,2.13062,1.08118
2,0,EventCounter,512,8192,8.28003e-07,3.3429,6.36536,2.13135,1.08118
3,0,EventCounter,512,8192,8.73169e-07,3.51233,6.36536,2.13098,1.08118
0,0,EventCounter,1024,16384,9.69299e-07,3.56525,6.18268,2.07007,1.04059
1,0,EventCounter,1024,16384,9.40491e-07,3.44836,6.18268,2.0694,1.04053
2,0,EventCounter,1024,16384,9.33167e-07,3.43323,6.18268,2.06769,1.04059
3,0,EventCounter,1024,16384,9.33167e-07,3.43097,6.18268,2.06824,1.04059
0,0,EventCounter,2048,32768,9.07776e-07,3.16928,6.09134,2.03513,1.02029
1,0,EventCounter,2048,32768,9.14825e-07,3.19446,6.09134,2.03409,1.02029
2,0,EventCounter,2048,32768,8.74146e-07,3.06033,6.09134,2.03363,1.02029
3,0,EventCounter,2048,32768,1.10135e-06,3.8013,6.36078,2.13022,1.07443
0,0,EventCounter,4096,65536,8.86688e-07,3.00035,6.04567,2.01779,1.01015
1,0,EventCounter,4096,65536,9.0596e-07,3.06332,6.04567,2.01807,1.01015
2,0,EventCounter,4096,65536,8.84247e-07,2.99211,6.04567,2.01799,1.01015
3,0,EventCounter,4096,65536,8.8533e-07,3.00287,6.04567,2.01781,1.01015
0,0,EventCounter,8192,131072,1.00816e-06,3.35143,6.10172,2.03687,1.0204
1,0,EventCounter,8192,131072,9.8011e-07,3.25844,6.02283,2.01122,1.00507
2,0,EventCounter,8192,131072,9.08333e-07,3.01972,6.02283,2.01088,1.00507
3,0,EventCounter,8192,131072,9.37378e-07,3.11507,6.02283,2.01083,1.00507
0,0,EventCounter,16384,262144,2.42802e-06,8.0176,6.60984,2.18222,1.1397
1,0,EventCounter,16384,262144,2.12357e-06,7.02486,6.03892,2.01764,1.00799
2,0,EventCounter,16384,262144,1.91924e-06,6.35056,6.01142,2.00766,1.00253
3,0,EventCounter,16384,262144,2.1752e-06,7.18593,6.04509,2.01896,1.00918
0,0,EventCounter,32768,524288,2.57345e-06,8.46902,6.02488,2.01265,1.00498
1,0,EventCounter,32768,524288,2.47888e-06,8.14274,6.03869,2.01737,1.00783
2,0,EventCounter,32768,524288,2.63672e-06,8.67958,6.02307,2.01174,1.00469
3,0,EventCounter,32768,524288,2.41902e-06,7.95001,6.02862,2.01369,1.00585
0,0,EventCounter,65536,1048576,2.70364e-06,8.86982,6.03125,2.01411,1.00628
1,0,EventCounter,65536,1048576,2.60557e-06,8.55317,6.02776,2.01273,1.00557
2,0,EventCounter,65536,1048576,2.68396e-06,8.80304,6.02641,2.01249,1.00525
3,0,EventCounter,65536,1048576,2.70518e-06,8.87366,6.02801,2.01297,1.0056
0,0,EventCounter,131072,2097152,2.33268e-06,7.64038,6.02308,2.01108,1.00457
1,0,EventCounter,131072,2097152,2.31774e-06,7.59344,6.02508,2.01202,1.00493
2,0,EventCounter,131072,2097152,2.29745e-06,7.52556,6.02404,2.01118,1.00472
3,0,EventCounter,131072,2097152,2.29876e-06,7.53418,6.02359,2.01147,1.00473
0,0,EventCounter,262144,4194304,2.40916e-06,7.88923,6.02585,2.01194,1.00509
1,0,EventCounter,262144,4194304,2.42786e-06,7.94566,6.02584,2.01176,1.00513
2,0,EventCounter,262144,4194304,2.42789e-06,7.9451,6.02344,2.01118,1.0046
3,0,EventCounter,262144,4194304,2.43112e-06,7.95624,6.02303,2.01103,1.00458
0,0,EventCounter,524288,8388608,2.33368e-06,7.60962,6.02469,2.01151,1.0049
1,0,EventCounter,524288,8388608,2.29462e-06,7.50716,6.02253,2.01096,1.00446
2,0,EventCounter,524288,8388608,2.35891e-06,7.71538,6.02322,2.01097,1.00459
3,0,EventCounter,524288,8388608,2.3204e-06,7.58923,6.02215,2.01104,1.00435
0,0,EventCounter,1048576,16777216,2.23944e-06,7.32252,6.02265,2.01072,1.00445
1,0,EventCounter,1048576,16777216,2.20174e-06,7.19944,6.02256,2.01073,1.00445
2,0,EventCounter,1048576,16777216,2.22324e-06,7.25501,6.02353,2.01124,1.00466
3,0,EventCounter,1048576,16777216,2.2279e-06,7.28493,6.02125,2.01057,1.0042
0,0,EventCounter,2097152,33554432,2.18877e-06,7.15079,6.02144,2.01051,1.00423
1,0,EventCounter,2097152,33554432,2.23516e-06,7.30661,6.02412,2.0114,1.00476
2,0,EventCounter,2097152,33554432,2.18821e-06,7.1471,6.02112,2.01035,1.00416
3,0,EventCounter,2097152,33554432,2.19366e-06,7.16634,6.02173,2.01058,1.00426
0,1,LiveEventCounter,1,16,,68.4375,30.5,13,4.875
1,1,LiveEventCounter,1,16,,30.625,30.5,14.9375,5.625
2,1,LiveEventCounter,1,16,,32.75,30.5,11.6875,5.4375
3,1,LiveEventCounter,1,16,,28.0625,30.5,11.6875,5.4375
0,1,LiveEventCounter,2,32,,15.6562,18.25,7.53125,3.1875
1,1,LiveEventCounter,2,32,,16.5312,18.25,6.84375,3.21875
2,1,LiveEventCounter,2,32,,14.1875,18.25,6.84375,3.21875
3,1,LiveEventCounter,2,32,,14.1875,18.25,6.84375,3.21875
0,1,LiveEventCounter,4,64,,9.875,12.125,4.45312,2.03125
1,1,LiveEventCounter,4,64,,8.51562,12.125,4.42188,2.09375
2,1,LiveEventCounter,4,64,,8.48438,12.125,4.42188,2.09375
3,1,LiveEventCounter,4,64,,8.48438,12.125,4.42188,2.09375
0,1,LiveEventCounter,8,128,,5.15625,9.0625,3.25,1.54688
1,1,LiveEventCounter,8,128,,7.34375,9.0625,3.21094,1.55469
2,1,LiveEventCounter,8,128,,4.80469,9.0625,3.21094,1.53125
3,1,LiveEventCounter,8,128,,4.82812,9.0625,3.21094,1.55469
0,1,LiveEventCounter,16,256,,3.17969,7.53125,2.61328,1.26172
1,1,LiveEventCounter,16,256,,3.10547,7.53125,2.60938,1.27344
2,1,LiveEventCounter,16,256,,3.04297,7.53125,2.60547,1.27344
3,1,LiveEventCounter,16,256,,3.01562,7.53125,2.60547,1.27344
0,1,LiveEventCounter,32,512,,2.88672,6.76562,2.30469,1.14062
1,1,LiveEventCounter,32,512,,2.79492,6.76562,2.30859,1.14062
2,1,LiveEventCounter,32,512,,2.8457,6.76562,2.30469,1.13867
3,1,LiveEventCounter,32,512,,2.95898,6.76562,2.30469,1.13867
0,1,LiveEventCounter,64,1024,,2.69434,6.38281,2.1543,1.06934
1,1,LiveEventCounter,64,1024,,2.62012,6.38281,2.15332,1.06934
2,1,LiveEventCounter,64,1024,,2.61914,6.38281,2.15332,1.06836
3,1,LiveEventCounter,64,1024,,2.61133,6.38281,2.15332,1.06934
0,1,LiveEventCounter,128,2048,,2.4873,6.19141,2.07666,1.03467
1,1,LiveEventCounter,128,2048,,2.47461,6.19141,2.07666,1.03467
2,1,LiveEventCounter,128,2048,,2.49756,6.19141,2.07715,1.03467
3,1,LiveEventCounter,128,2048,,2.4585,6.19141,2.07764,1.03467
0,1,LiveEventCounter,256,4096,,2.37988,6.0957,2.03809,1.01709
1,1,LiveEventCounter,256,4096,,2.37866,6.0957,2.03857,1.01733
2,1,LiveEventCounter,256,4096,,2.37598,6.0957,2.03809,1.01709
3,1,LiveEventCounter,256,4096,,2.37427,6.0957,2.03833,1.01733
0,1,LiveEventCounter,512,8192,,137.297,144.946,42.556,32.9584
1,1,LiveEventCounter,512,8192,,2.77869,6.04785,2.01941,1.00867
2,1,LiveEventCounter,512,8192,,2.69189,6.04785,2.01941,1.00854
3,1,LiveEventCounter,512,8192,,2.67236,6.04785,2.01953,1.00867
0,1,LiveEventCounter,1024,16384,,9.0387,6.02393,2.01215,1.00378
1,1,LiveEventCounter,1024,16384,,4.66852,6.02393,2.0119,1.00433
2,1,LiveEventCounter,1024,16384,,3.48724,6.02393,2.01166,1.00433
3,1,LiveEventCounter,1024,16384,,5.71606,6.02393,2.01178,1.00378
0,1,LiveEventCounter,2048,32768,,22.9581,6.01196,2.00616,1.00244
1,1,LiveEventCounter,2048,32768,,15.9823,6.33682,2.12042,1.0672
2,1,LiveEventCounter,2048,32768,,8.21237,6.01196,2.00644,1.00226
3,1,LiveEventCounter,2048,32768,,5.27219,6.01196,2.00574,1.00217
0,1,LiveEventCounter,4096,65536,,7.36603,6.00598,2.00421,1.00095
1,1,LiveEventCounter,4096,65536,,3.63289,6.00598,2.00401,1.00108
2,1,LiveEventCounter,4096,65536,,3.61221,6.00598,2.0041,1.00095
3,1,LiveEventCounter,4096,65536,,3.92166,6.1709,2.05875,1.03357
0,1,LiveEventCounter,8192,131072,,6.15501,6.00299,2.00381,1.00047
1,1,LiveEventCounter,8192,131072,,5.58163,6.00299,2.0035,1.00054
2,1,LiveEventCounter,8192,131072,,6.27546,6.08752,2.03291,1.0171
3,1,LiveEventCounter,8192,131072,,5.42282,6.00299,2.00362,1.00054
0,1,LiveEventCounter,16384,262144,,30.9322,6.07006,2.02763,1.0138
1,1,LiveEventCounter,16384,262144,,26.8145,6.10011,2.0364,1.01965
2,1,LiveEventCounter,16384,262144,,24.4198,6.08977,2.03287,1.01769
3,1,LiveEventCounter,16384,262144,,24.6404,6.07695,2.02916,1.01506
0,1,LiveEventCounter,32768,524288,,31.4489,6.12054,2.04636,1.0239
1,1,LiveEventCounter,32768,524288,,27.4964,6.07979,2.02984,1.01593
2,1,LiveEventCounter,32768,524288,,28.9527,6.08155,2.03017,1.01605
3,1,LiveEventCounter,32768,524288,,29.6418,6.11843,2.04428,1.02336
0,1,LiveEventCounter,65536,1048576,,33.1709,6.10204,2.03781,1.02029
1,1,LiveEventCounter,65536,1048576,,32.5477,6.09482,2.03394,1.0188
2,1,LiveEventCounter,65536,1048576,,33.2698,6.1085,2.03819,1.02155
3,1,LiveEventCounter,65536,1048576,,32.5161,6.11402,2.04279,1.02264
0,1,LiveEventCounter,131072,2097152,,34.209,6.09679,2.03479,1.01916
1,1,LiveEventCounter,131072,2097152,,33.5086,6.08836,2.03271,1.01759
2,1,LiveEventCounter,131072,2097152,,34.7966,6.10081,2.03571,1.01981
3,1,LiveEventCounter,131072,2097152,,33.6676,6.1036,2.03753,1.02046
0,1,LiveEventCounter,262144,4194304,,35.9992,6.10457,2.03937,1.02061
1,1,LiveEventCounter,262144,4194304,,36.4631,6.11811,2.04217,1.02325
2,1,LiveEventCounter,262144,4194304,,36.941,6.11328,2.04039,1.02225
3,1,LiveEventCounter,262144,4194304,,35.9898,6.10306,2.038,1.02038
0,1,LiveEventCounter,524288,8388608,,38.4482,6.1279,2.04666,1.02516
1,1,LiveEventCounter,524288,8388608,,39.1025,6.12152,2.04628,1.02393
2,1,LiveEventCounter,524288,8388608,,38.0892,6.1152,2.04271,1.02272
3,1,LiveEventCounter,524288,8388608,,38.347,6.11671,2.04251,1.02292
0,1,LiveEventCounter,1048576,16777216,,40.6438,6.12089,2.04506,1.02381
1,1,LiveEventCounter,1048576,16777216,,40.9738,6.12906,2.04652,1.02539
2,1,LiveEventCounter,1048576,16777216,,40.3828,6.1139,2.0423,1.02256
3,1,LiveEventCounter,1048576,16777216,,40.4088,6.1269,2.04622,1.02496
0,1,LiveEventCounter,2097152,33554432,,44.7081,6.14137,2.052,1.02783
1,1,LiveEventCounter,2097152,33554432,,44.3265,6.13017,2.04776,1.02567
2,1,LiveEventCounter,2097152,33554432,,46.9561,6.16293,2.05879,1.03219
3,1,LiveEventCounter,2097152,33554432,,44.4933,6.13899,2.05002,1.02739
0,0,LiveEventCounter,1,16,,58,30.5,13.75,6.5
1,0,LiveEventCounter,1,16,,48.3125,30.5,15,5.6875
2,0,LiveEventCounter,1,16,,28.5,30.5,11.6875,5.4375
3,0,LiveEventCounter,1,16,,28.5,30.5,11.6875,5.4375
0,0,LiveEventCounter,2,32,,18.4375,18.25,7,3.0625
1,0,LiveEventCounter,2,32,,14.5312,18.25,6.84375,3.21875
2,0,LiveEventCounter,2,32,,14.1875,18.25,6.84375,3.21875
3,0,LiveEventCounter,2,32,,14.4062,18.25,6.84375,3.21875
0,0,LiveEventCounter,4,64,,8.9375,12.125,4.46875,2.10938
1,0,LiveEventCounter,4,64,,8.625,12.125,4.42188,2.10938
2,0,LiveEventCounter,4,64,,8.625,12.125,4.42188,2.10938
3,0,LiveEventCounter,4,64,,8.625,12.125,4.42188,2.10938
0,0,LiveEventCounter,8,128,,5.10938,9.0625,3.25,1.55469
1,0,LiveEventCounter,8,128,,5.13281,9.0625,3.23438,1.55469
2,0,LiveEventCounter,8,128,,4.96875,9.0625,3.23438,1.55469
3,0,LiveEventCounter,8,128,,4.85156,9.0625,3.21094,1.55469
0,0,LiveEventCounter,16,256,,3.19141,7.53125,2.61719,1.26172
1,0,LiveEventCounter,16,256,,2.98047,7.53125,2.63281,1.27344
2,0,LiveEventCounter,16,256,,3.05469,7.53125,2.60547,1.27734
3,0,LiveEventCounter,16,256,,3.04688,7.53125,2.60547,1.27344
0,0,LiveEventCounter,32,512,,2.98438,6.76562,2.30469,1.13867
1,0,LiveEventCounter,32,512,,2.95508,6.76562,2.30273,1.13672
2,0,LiveEventCounter,32,512,,2.9668,6.76562,2.30859,1.13672
3,0,LiveEventCounter,32,512,,2.99023,6.76562,2.30664,1.13867
0,0,LiveEventCounter,64,1024,,2.68848,6.38281,2.15527,1.06934
1,0,LiveEventCounter,64,1024,,2.69824,6.38281,2.15332,1.06934
2,0,LiveEventCounter,64,1024,,2.7002,6.38281,2.15234,1.06934
3,0,LiveEventCounter,64,1024,,2.70508,6.38281,2.1543,1.06934
0,0,LiveEventCounter,128,2048,,2.50342,6.19141,2.07617,1.03467
1,0,LiveEventCounter,128,2048,,2.48877,6.19141,2.07617,1.03467
2,0,LiveEventCounter,128,2048,,2.5,6.19141,2.07617,1.03467
3,0,LiveEventCounter,128,2048,,2.50732,6.19141,2.07617,1.03467
0,0,LiveEventCounter,256,4096,,2.41309,6.0957,2.03857,1.01733
1,0,LiveEventCounter,256,4096,,2.41602,6.0957,2.03833,1.01733
2,0,LiveEventCounter,256,4096,,2.43018,6.0957,2.03857,1.01733
3,0,LiveEventCounter,256,4096,,2.41797,6.0957,2.03882,1.01709
0,0,LiveEventCounter,512,8192,,2.53223,6.04785,2.02002,1.00781
1,0,LiveEventCounter,512,8192,,2.53699,6.04785,2.02002,1.00867
2,0,LiveEventCounter,512,8192,,2.52502,6.04785,2.02026,1.00781
3,0,LiveEventCounter,512,8192,,2.53162,6.04785,2.02002,1.00867
0,0,LiveEventCounter,1024,16384,,3.05072,6.02393,2.01202,1.00433
1,0,LiveEventCounter,1024,16384,,2.91077,6.02393,2.01123,1.00476
2,0,LiveEventCounter,1024,16384,,2.91028,6.02393,2.01166,1.00385
3,0,LiveEventCounter,1024,16384,,2.91559,6.02393,2.01129,1.00427
0,0,LiveEventCounter,2048,32768,,3.0665,6.01196,2.00705,1.00238
1,0,LiveEventCounter,2048,32768,,4.33542,6.46307,2.15826,1.09286
2,0,LiveEventCounter,2048,32768,,3.03873,6.01196,2.00693,1.00217
3,0,LiveEventCounter,2048,32768,,2.91635,6.01196,2.00687,1.00238
0,0,LiveEventCounter,4096,65536,,3.1333,6.00598,2.00417,1.00119
1,0,LiveEventCounter,4096,65536,,3.13968,6.00598,2.00426,1.00121
2,0,LiveEventCounter,4096,65536,,3.11299,6.00598,2.00426,1.00119
3,0,LiveEventCounter,4096,65536,,2.85507,6.00598,2.00452,1.00098
0,0,LiveEventCounter,8192,131072,,3.35275,6.00299,2.00423,1.00049
1,0,LiveEventCounter,8192,131072,,2.91531,6.00299,2.00392,1.0006
2,0,LiveEventCounter,8192,131072,,3.36328,6.07397,2.02751,1.01448
3,0,LiveEventCounter,8192,131072,,3.18367,6.00299,2.00375,1.0006
0,0,LiveEventCounter,16384,262144,,6.83352,6.03156,2.01429,1.00633
1,0,LiveEventCounter,16384,262144,,6.72561,6.0015,2.00385,1.00027
2,0,LiveEventCounter,16384,262144,,6.86097,6.05047,2.01995,1.01012
3,0,LiveEventCounter,16384,262144,,5.83945,6.0015,2.00418,1.00027
0,0,LiveEventCounter,32768,524288,,8.21082,6.03453,2.01612,1.00679
1,0,LiveEventCounter,32768,524288,,9.21,6.03433,2.01554,1.00661
2,0,LiveEventCounter,32768,524288,,7.62377,6.01942,2.0105,1.00381
3,0,LiveEventCounter,32768,524288,,7.4399,6.02098,2.01082,1.00414
0,0,LiveEventCounter,65536,1048576,,8.6439,6.03124,2.01418,1.00621
1,0,LiveEventCounter,65536,1048576,,8.78692,6.02744,2.01238,1.00536
2,0,LiveEventCounter,65536,1048576,,8.31859,6.02764,2.01275,1.0054
3,0,LiveEventCounter,65536,1048576,,9.1781,6.03111,2.01458,1.00614
0,0,LiveEventCounter,131072,2097152,,7.68728,6.02594,2.01286,1.00519
1,0,LiveEventCounter,131072,2097152,,7.52781,6.02173,2.01031,1.0043
2,0,LiveEventCounter,131072,2097152,,7.92637,6.03099,2.01396,1.00616
3,0,LiveEventCounter,131072,2097152,,7.60897,6.02841,2.01354,1.00562
0,0,LiveEventCounter,262144,4194304,,8.21428,6.02616,2.01222,1.0051
1,0,LiveEventCounter,262144,4194304,,8.80454,6.0254,2.01212,1.00493
2,0,LiveEventCounter,262144,4194304,,7.96169,6.02517,2.01167,1.00496
3,0,LiveEventCounter,262144,4194304,,9.13407,6.03194,2.01455,1.00626
0,0,LiveEventCounter,524288,8388608,,7.93353,6.02523,2.0119,1.00495
1,0,LiveEventCounter,524288,8388608,,8.02697,6.02504,2.01182,1.00489
2,0,LiveEventCounter,524288,8388608,,7.99538,6.02375,2.01105,1.00464
3,0,LiveEventCounter,524288,8388608,,7.6567,6.02359,2.0114,1.00459
0,0,LiveEventCounter,1048576,16777216,,7.53283,6.02517,2.01173,1.00495
1,0,LiveEventCounter,1048576,16777216,,7.9009,6.0231,2.0112,1.0045
2,0,LiveEventCounter,1048576,16777216,,8.05343,6.02771,2.01336,1.00544
3,0,LiveEventCounter,1048576,16777216,,7.51764,6.02332,2.0112,1.00457
0,0,LiveEventCounter,2097152,33554432,,7.29673,6.02327,2.01102,1.00457
1,0,LiveEventCounter,2097152,33554432,,7.37172,6.02377,2.01116,1.00467
2,0,LiveEventCounter,2097152,33554432,,7.2815,6.02141,2.01049,1.0042
3,0,LiveEventCounter,2097152,33554432,,7.38774,6.0228,2.01102,1.00446
0,1,cycles,1,16,,49.5,,,
1,1,cycles,1,16,,14.4375,,,
2,1,cycles,1,16,,16.5,,,
3,1,cycles,1,16,,12.375,,,
0,1,cycles,2,32,,8.25,,,
1,1,cycles,2,32,,7.21875,,,
2,1,cycles,2,32,,7.21875,,,
3,1,cycles,2,32,,7.21875,,,
0,1,cycles,4,64,,9.79688,,,
1,1,cycles,4,64,,4.125,,,
2,1,cycles,4,64,,3.60938,,,
3,1,cycles,4,64,,4.125,,,
0,1,cycles,8,128,,4.125,,,
1,1,cycles,8,128,,2.83594,,,
2,1,cycles,8,128,,2.32031,,,
3,1,cycles,8,128,,2.57812,,,
0,1,cycles,16,256,,2.0625,,,
1,1,cycles,16,256,,2.0625,,,
2,1,cycles,16,256,,1.80469,,,
3,1,cycles,16,256,,1.93359,,,
0,1,cycles,32,512,,2.19141,,,
1,1,cycles,32,512,,2.25586,,,
2,1,cycles,32,512,,2.38477,,,
3,1,cycles,32,512,,2.32031,,,
0,1,cycles,64,1024,,2.35254,,,
1,1,cycles,64,1024,,2.28809,,,
2,1,cycles,64,1024,,2.35254,,,
3,1,cycles,64,1024,,2.38477,,,
0,1,cycles,128,2048,,2.33643,,,
1,1,cycles,128,2048,,2.3042,,,
2,1,cycles,128,2048,,2.3042,,,
3,1,cycles,128,2048,,2.3042,,,
0,1,cycles,256,4096,,2.3042,,,
1,1,cycles,256,4096,,2.3042,,,
2,1,cycles,256,4096,,2.3042,,,
3,1,cycles,256,4096,,2.31226,,,
0,1,cycles,512,8192,,4.31836,,,
1,1,cycles,512,8192,,2.77148,,,
2,1,cycles,512,8192,,3.14612,,,
3,1,cycles,512,8192,,2.60632,,,
0,1,cycles,1024,16384,,9.70221,,,
1,1,cycles,1024,16384,,4.6507,,,
2,1,cycles,1024,16384,,3.52881,,,
3,1,cycles,1024,16384,,3.32538,,,
0,1,cycles,2048,32768,,18.8868,,,
1,1,cycles,2048,32768,,9.20975,,,
2,1,cycles,2048,32768,,9.26111,,,
3,1,cycles,2048,32768,,4.04846,,,
0,1,cycles,4096,65536,,19.0293,,,
1,1,cycles,4096,65536,,11.0673,,,
2,1,cycles,4096,65536,,6.5007,,,
3,1,cycles,4096,65536,,4.55301,,,
0,1,cycles,8192,131072,,22.7771,,,
1,1,cycles,8192,131072,,5.98684,,,
2,1,cycles,8192,131072,,5.75521,,,
3,1,cycles,8192,131072,,6.59889,,,
0,1,cycles,16384,262144,,33.8691,,,
1,1,cycles,16384,262144,,26.8208,,,
2,1,cycles,16384,262144,,25.4738,,,
3,1,cycles,16384,262144,,26.9675,,,
0,1,cycles,32768,524288,,31.1058,,,
1,1,cycles,32768,524288,,29.9512,,,
2,1,cycles,32768,524288,,33.7963,,,
3,1,cycles,32768,524288,,32.9451,,,
0,1,cycles,65536,1048576,,35.0249,,,
1,1,cycles,65536,1048576,,33.1719,,,
2,1,cycles,65536,1048576,,44.2709,,,
3,1,cycles,65536,1048576,,32.6012,,,
0,1,cycles,131072,2097152,,35.9676,,,
1,1,cycles,131072,2097152,,34.5172,,,
2,1,cycles,131072,2097152,,37.1005,,,
3,1,cycles,131072,2097152,,35.0907,,,
0,1,cycles,262144,4194304,,37.2075,,,
1,1,cycles,262144,4194304,,37.3904,,,
2,1,cycles,262144,4194304,,37.1331,,,
3,1,cycles,262144,4194304,,36.9682,,,
0,1,cycles,524288,8388608,,40.4915,,,
1,1,cycles,524288,8388608,,40.5168,,,
2,1,cycles,524288,8388608,,40.9689,,,
3,1,cycles,524288,8388608,,40.0819,,,
0,1,cycles,1048576,16777216,,42.633,,,
1,1,cycles,1048576,16777216,,42.1642,,,
2,1,cycles,1048576,16777216,,42.8451,,,
3,1,cycles,1048576,16777216,,42.5571,,,
0,1,cycles,2097152,33554432,,47.0435,,,
1,1,cycles,2097152,33554432,,47.3359,,,
2,1,cycles,2097152,33554432,,46.9491,,,
3,1,cycles,2097152,33554432,,46.6108,,,
0,0,cycles,1,16,,57.75,,,
1,0,cycles,1,16,,41.25,,,
2,0,cycles,1,16,,18.5625,,,
3,0,cycles,1,16,,12.375,,,
0,0,cycles,2,32,,9.28125,,,
1,0,cycles,2,32,,7.21875,,,
2,0,cycles,2,32,,8.25,,,
3,0,cycles,2,32,,8.25,,,
0,0,cycles,4,64,,5.67188,,,
1,0,cycles,4,64,,4.64062,,,
2,0,cycles,4,64,,4.64062,,,
3,0,cycles,4,64,,5.67188,,,
0,0,cycles,8,128,,8.76562,,,
1,0,cycles,8,128,,2.83594,,,
2,0,cycles,8,128,,3.35156,,,
3,0,cycles,8,128,,3.09375,,,
0,0,cycles,16,256,,2.83594,,,
1,0,cycles,16,256,,2.57812,,,
2,0,cycles,16,256,,2.83594,,,
3,0,cycles,16,256,,2.96484,,,
0,0,cycles,32,512,,3.0293,,,
1,0,cycles,32,512,,3.0293,,,
2,0,cycles,32,512,,2.77148,,,
3,0,cycles,32,512,,3.28711,,,
0,0,cycles,64,1024,,2.93262,,,
1,0,cycles,64,1024,,2.90039,,,
2,0,cycles,64,1024,,2.96484,,,
3,0,cycles,64,1024,,2.96484,,,
0,0,cycles,128,2048,,2.81982,,,
1,0,cycles,128,2048,,2.85205,,,
2,0,cycles,128,2048,,2.81982,,,
3,0,cycles,128,2048,,2.69092,,,
0,0,cycles,256,4096,,2.71509,,,
1,0,cycles,256,4096,,2.77148,,,
2,0,cycles,256,4096,,2.57812,,,
3,0,cycles,256,4096,,2.52979,,,
0,0,cycles,512,8192,,2.94873,,,
1,0,cycles,512,8192,,2.95679,,,
2,0,cycles,512,8192,,2.86414,,,
3,0,cycles,512,8192,,2.73523,,,
0,0,cycles,1024,16384,,3.32135,,,
1,0,cycles,1024,16384,,3.37372,,,
2,0,cycles,1024,16384,,3.68591,,,
3,0,cycles,1024,16384,,3.1864,,,
0,0,cycles,2048,32768,,3.30322,,,
1,0,cycles,2048,32768,,2.88327,,,
2,0,cycles,2048,32768,,2.8732,,,
3,0,cycles,2048,32768,,3.64462,,,
0,0,cycles,4096,65536,,2.8727,,,
1,0,cycles,4096,65536,,2.89838,,,
2,0,cycles,4096,65536,,3.77,,,
3,0,cycles,4096,65536,,4.31937,,,
0,0,cycles,8192,131072,,3.32211,,,
1,0,cycles,8192,131072,,3.17558,,,
2,0,cycles,8192,131072,,2.96635,,,
3,0,cycles,8192,131072,,2.94949,,,
0,0,cycles,16384,262144,,7.01582,,,
1,0,cycles,16384,262144,,7.42117,,,
2,0,cycles,16384,262144,,7.12522,,,
3,0,cycles,16384,262144,,5.75106,,,
0,0,cycles,32768,524288,,8.26976,,,
1,0,cycles,32768,524288,,8.65554,,,
2,0,cycles,32768,524288,,8.78652,,,
3,0,cycles,32768,524288,,7.57589,,,
0,0,cycles,65536,1048576,,9.6799,,,
1,0,cycles,65536,1048576,,8.71382,,,
2,0,cycles,65536,1048576,,9.43184,,,
3,0,cycles,65536,1048576,,8.46671,,,
0,0,cycles,131072,2097152,,8.08169,,,
1,0,cycles,131072,2097152,,8.09939,,,
2,0,cycles,131072,2097152,,8.78452,,,
3,0,cycles,131072,2097152,,7.51974,,,
0,0,cycles,262144,4194304,,8.22968,,,
1,0,cycles,262144,4194304,,8.49305,,,
2,0,cycles,262144,4194304,,8.19967,,,
3,0,cycles,262144,4194304,,8.23489,,,
0,0,cycles,524288,8388608,,7.98359,,,
1,0,cycles,524288,8388608,,7.88602,,,
2,0,cycles,524288,8388608,,7.91397,,,
3,0,cycles,524288,8388608,,8.61701,,,
0,0,cycles,1048576,16777216,,7.54427,,,
1,0,cycles,1048576,16777216,,7.79475,,,
2,0,cycles,1048576,16777216,,7.71215,,,
3,0,cycles,1048576,16777216,,7.313,,,
0,0,cycles,2097152,33554432,,7.69511,,,
1,0,cycles,2097152,33554432,,7.38219,,,
2,0,cycles,2097152,33554432,,7.60445,,,
3,0,cycles,2097152,33554432,,7.47909,,,
